Names||content||remains||price||new||top_sale||profit_price||order||GUIDExt||GUIDExtParents||GUIDExts_also||
Сайдинг FINEBER BLOCKHOUSE 232х3660 мм Сандал (12)||Технические характеристики сайдинга FineBer Block House
Размеры: 232х3660 мм
Площадь покрытия: 0,85 м2
Количество в упаковке: 12 шт
Масса упаковки: 23,9 кг
Описание сайдинга FineBer
Виниловый сайдинг FineBer – покрытие, для изготовления которого используется экологичный, качественный поливинилхлорид. Материал представлен в виде отдельных полос, каждая из которых для удобства монтажа оснащена замком-защелкой. На верхней части каждой панели имеется «ответная» часть защелки и перфорированная кромка, посредством которой осуществляется крепление панели к поверхности стены. 

Сайдинг и фасадные панели торговой марки FineBer - многоцелевой отделочный материал, который одинаково хорошо подходит для облицовки и недавно возведенных строений, и относительно старых зданий. За счет нашего богатого ассортимента у вас есть возможность купить сайдинг того цвета и фактуры, который нужен именно вам: имитация дерева, кирпича или камня. Продукция FineBer прошла все тесты на соответствие международным требованиям. ||178||228||0||0||0||0||821f881d-04f0-11e5-843c-d850e649679d||b80b17c4-3ffb-11e8-a200-88d7f6d608b5||a18a5b35-8366-11e4-8508-d850e649679d,956cba20-8366-11e4-8508-d850e649679d,956cb9ac-8366-11e4-8508-d850e649679d,ccf07f00-8444-11e5-bb45-d850e649679d,67cbcf15-d612-11e5-a8a9-d850e649679d,a840fc99-8366-11e4-8508-d850e649679d,6fa5f325-ff91-11e4-854e-d850e649679d,e9ee9007-2b6f-11e5-84bb-d850e649679d,a18a59c4-8366-11e4-8508-d850e649679d,6fbebcba-ff93-11e4-854e-d850e649679d,a18a59d0-8366-11e4-8508-d850e649679d,a18a5a13-8366-11e4-8508-d850e649679d,29adad56-d869-11e4-8565-d850e649679d,bab956c7-e34d-11e4-8565-d850e649679d,a840fc47-8366-11e4-8508-d850e649679d,70a2ea17-006c-11e5-854e-d850e649679d,8ab1f2fe-007d-11e5-854e-d850e649679d,8ab1f335-007d-11e5-854e-d850e649679d,a18a5a2c-8366-11e4-8508-d850e649679d,8ab1f32b-007d-11e5-854e-d850e649679d,397e55b2-cfb2-11e5-90b7-d850e649679d,a210490f-a5eb-11e3-9c4d-bc5ff4d96e23,abe16415-5d39-11e6-97c1-d850e649679d,a2f7e8a3-13e1-11e5-84e6-d850e649679d,38f78272-0728-11e8-b616-d850e649679d,a853051d-3495-11e6-af0a-d850e649679d,9027adf5-a5eb-11e3-9c4d-bc5ff4d96e23,f8ce7b82-fef1-11e4-923d-fdccc4038e58,bfe94b20-a5eb-11e3-9c4d-bc5ff4d96e23,1e986089-390b-11e6-aaea-d850e649679d,d5bb6f30-07bf-11e6-921e-d850e649679d,6ec31c83-ecf3-11e5-a1b9-d850e649679d,c0692c14-fd15-11e7-b623-d850e649679d,a18a5a2f-8366-11e4-8508-d850e649679d,b8b37506-0738-11e8-b616-d850e649679d,8a2f78cc-a5eb-11e3-9c4d-bc5ff4d96e23,6ecc78b8-0b88-11e5-9e86-d850e649679d,||

